{
    "render": {
        "color": 5079608,
        "fakeTrialsVisibility": 0.949999988079071,
        "showVideoPreview": true,
        "size": 3,
        "useFaketrails": true,
        "useShaders": true,
        "videoColor": 4501503,
        "videopreviewVisibility": 0.0848214253783226
    },
    "simulation": {
        "amount": 112.81666564941406,
        "applyThermostat": true,
        "coupling": 0.20848214626312256,
        "lowFps": true,
        "radius": 7,
        "targetTemperature": 34147.3203125
    }
}